user_id,Name,FirstName,LastName,Department,EmployeeNo,Email,NetworkID,manager
1,James Smith,James,Smith,Executive Management,1a,James.Smith1@eshiam.com,James.Smith,
2,Mary Johnson,Mary1,Johnson,Regional Operations,1a2a,Mary.Johnson@eshiam.com,Mary.Johnson,1a
3,Robert Brown,Robert,Brown,Information Technology,1a2a3a,Robert.Brown@eshiam.com,Robert.Brown,1a2a
4,Joseph Thompson,Joseph,Thompson,Information Technology,1a2a3a4a,Joseph.Thompson@eshiam.com,Joseph.Thompson,1a2a3a
5,Margaret Garcia,Margaret,Garcia,Information Technology,1a2a3a4b,Margaret.Garcia@eshiam.com,Margaret.Garcia,1a2a3a
6,Thomas Martinez,Thomas,Martinez,Information Technology,1a2a3a4c,Thomas.Martinez@eshiam.com,Thomas.Martinez,1a2a3a
7,Dorothy Robinson,Dorothy,Robinson,Information Technology,1a2a3a4d,Dorothy.Robinson@eshiam.com,Dorothy.Robinson,1a2a3a
8,Christopher Clark,Christopher,Clark,Information Technology,1a2a3a4e,Christopher.Clark@eshiam.com,Christopher.Clark,1a2a3a
9,Linda Davis,Linda,Davis,Information Technology,1a2a3b,Linda.Davis@eshiam.com,Linda.Davis,1a2a
10,Lisa Rodriguez,Lisa,Rodriguez,Information Technology,1a2a3b4a,Lisa.Rodriguez@eshiam.com,Lisa.Rodriguez,1a2a3b
11,Daniel Lewis,Daniel,Lewis,Information Technology,1a2a3b4b,Daniel.Lewis@eshiam.com,Daniel.Lewis,1a2a3b
12,Nancy Lee,Nancy,Lee,Information Technology,1a2a3b4c,Nancy.Lee@eshiam.com,Nancy.Lee,1a2a3b
13,Paul Walker,Paul,Walker,Information Technology,1a2a3b4d,Paul.Walker@eshiam.com,Paul.Walker,1a2a3b
14,Karen Hall,Karen,Hall,Information Technology,1a2a3b4e,Karen.Hall@eshiam.com,Karen.Hall,1a2a3b
15,Michael Miller,Michael,Miller,Engineering,1a2a3c,Michael.Miller@eshiam.com,Michael.Miller,1a2a
16,Mark Allen,Mark,Allen,Engineering,1a2a3c4a,Mark.Allen@eshiam.com,Mark.Allen,1a2a3c 
17,Betty Young,Betty,Young,Engineering,1a2a3c4b,Betty.Young@eshiam.com,Betty.Young,1a2a3c
18,Donald Hernandez,Donald,Hernandez,Engineering,1a2a3c4c,Donald.Hernandez@eshiam.com,Donald.Hernandez,1a2a3c
19,Helen King,Helen,King,Engineering,1a2a3c4d,Helen.King@eshiam.com,Helen.King,1a2a3c
20,George Wright,George,Wright,Engineering,1a2a3c4e,George.Wright@eshiam.com,George.Wright,1a2a3c
21,Barbara Wilson,Barbara,Wilson,Engineering,1a2a3d,Barbara.Wilson@eshiam.com,Barbara.Wilson,1a2a
22,Sandra Lopez,Sandra,Lopez,Engineering,1a2a3d4a,Sandra.Lopez@eshiam.com,Sandra.Lopez,1a2a3d
23,Kenneth Hill,Kenneth,Hill,Engineering,1a2a3d4b,Kenneth.Hill@eshiam.com,Kenneth.Hill,1a2a3d
24,Donna Scott,Donna,Scott,Engineering,1a2a3d4c,Donna.Scott@eshiam.com,Donna.Scott,1a2a3d
25,Steven Green,Steven,Green,Engineering,1a2a3d4d,Steven.Green@eshiam.com,Steven.Green,1a2a3d
26,Carol Adams,Carol,Adams,Engineering,1a2a3d4e,Carol.Adams@eshiam.com,Carol.Adams,1a2a3d
27,John Williams,John,Williams,Regional Operations,1a2b,John.Williams@eshiam.com,John.Williams,1a
28,William Moore,William,Moore,Human Resources,1a2b3a,William.Moore@eshiam.com,William.Moore,1a2b
29,Edward Baker,Edward,Baker,Human Resources,1a2b3a4a,Edward.Baker@eshiam.com,Edward.Baker,1a2b3a
30,Ruth Gonzalez,Ruth,Gonzalez,Human Resources,1a2b3a4b,Ruth.Gonzalez@eshiam.com,Ruth.Gonzalez,1a2b3a
31,Brian Nelson,Brian,Nelson,Human Resources,1a2b3a4c,Brian.Nelson@eshiam.com,Brian.Nelson,1a2b3a
32,Sharon Carter,Sharon,Carter,Human Resources,1a2b3a4d,Sharon.Carter@eshiam.com,Sharon.Carter,1a2b3a
33,Ronald Mitchell,Ronald,Mitchell,Human Resources,1a2b3a4e,Ronald.Mitchell@eshiam.com,Ronald.Mitchell,1a2b3a
34,Elizabeth Taylor,Elizabeth,Taylor,Human Resources,1a2b3b,Elizabeth.Taylor@eshiam.com,Elizabeth.Taylor,1a2b
35,Michelle Perez,Michelle,Perez,Human Resources,1a2b3b4a,Michelle.Perez@eshiam.com,Michelle.Perez,1a2b3b
36,Anthony Roberts,Anthony,Roberts,Human Resources,1a2b3b4b,Anthony.Roberts@eshiam.com,Anthony.Roberts,1a2b3b
37,Laura Turner,Laura,Turner,Human Resources,1a2b3b4c,Laura.Turner@eshiam.com,Laura.Turner,1a2b
38,Kevin Phillips,Kevin,Phillips,Human Resources,1a2b3b4d,Kevin.Phillips@eshiam.com,Kevin.Phillips,1a2b3b
39,Sarah Campbell,Sarah,Campbell,Human Resources,1a2b3b4e,Sarah.Campbell@eshiam.com,Sarah.Campbell,1a2b3b
40,David Anderson,David,Anderson,Inventory,1a2b3c,David.Anderson@eshiam.com,David.Anderson,1a2b
41,Jason Parker,Jason,Parker,Inventory,1a2b3c4a,Jason.Parker@eshiam.com,Jason.Parker,1a2b3c
42,Kimberly Evans,Kimberly,Evans,Inventory,1a2b3c4b,Kimberly.Evans@eshiam.com,Kimberly.Evans,1a2b3c
43,Matthew Edwards,Matthew,Edwards,Inventory,1a2b3c4c,Matthew.Edwards@eshiam.com,Matthew.Edwards,1a2b3c
44,Deborah Collins,Deborah,Collins,Inventory,1a2b3c4d,Deborah.Collins@eshiam.com,Deborah.Collins,1a2b3c
45,Gary Stewart,Gary,Stewart,Inventory,1a2b3c4e,Gary.Stewart@eshiam.com,Gary.Stewart,1a2b3c
46,Jennifer Thomas,Jennifer,Thomas,Inventory,1a2b3d,Jennifer.Thomas@eshiam.com,Jennifer.Thomas,1a2b
47,Jessica Sanchez,Jessica,Sanchez,Inventory,1a2b3d4a,Jessica.Sanchez@eshiam.com,Jessica.Sanchez,1a2b3d
48,Timothy Morris,Timothy,Morris,Inventory,1a2b3d4b,Timothy.Morris@eshiam.com,Timothy.Morris,1a2b3d
49,Shirley Rogers,Shirley,Rogers,Inventory,1a2b3d4c,Shirley.Rogers@eshiam.com,Shirley.Rogers,1a2b3d
50,Jose Reed,Jose,Reed,Inventory,1a2b3d4d,Jose.Reed@eshiam.com,Jose.Reed,1a2b3d
51,Cynthia Cook,Cynthia,Cook,Inventory,1a2b3d4e,Cynthia.Cook@eshiam.com,Cynthia.Cook,1a2b3d
52,Patricia Jones,Patricia,Jones,Regional Operations,1a2c,Patricia.Jones@eshiam.com,Patricia.Jones,1a
53,Richard Jackson,Richard,Jackson,Accounting,1a2c3a,Richard.Jackson@eshiam.com,Richard.Jackson,1a2c
54,Larry Morgan,Larry,Morgan,Accounting,1a2c3a4a,Larry.Morgan@eshiam.com,Larry.Morgan,1a2c3a
55,Angela Bell,Angela,Bell,Accounting,1a2c3a4b,Angela.Bell@eshiam.com,Angela.Bell,1a2c3a
56,Jeffrey Murphy,Jeffrey,Murphy,Accounting,1a2c3a4c,Jeffrey.Murphy@eshiam.com,Jeffrey.Murphy,1a2c3a
57,Melissa Bailey,Melissa,Bailey,Accounting,1a2c3a4d,Melissa.Bailey@eshiam.com,Melissa.Bailey,1a2c3a
58,Frank Rivera,Frank,Rivera,Accounting,1a2c3a4e,Frank.Rivera@eshiam.com,Frank.Rivera,1a2c3a
59,Maria White,Maria,White,Accounting,1a2c3b,Maria.White@eshiam.com,Maria.White,1a2c
60,Brenda Cooper,Brenda,Cooper,Accounting,1a2c3b4a,Brenda.Cooper@eshiam.com,Brenda.Cooper,1a2c3b
61,Scott Richardson,Scott,Richardson,Accounting,1a2c3b4b,Scott.Richardson@eshiam.com,Scott.Richardson,1a2c3b
62,Amy Cox,Amy,Cox,Accounting,1a2c3b4c,Amy.Cox@eshiam.com,Amy.Cox,1a2c3b
63,Eric Howard,Eric,Howard,Accounting,1a2c3b4d,Eric.Howard@eshiam.com,Eric.Howard,1a2c3b
64,Anna Ward,Anna,Ward,Accounting,1a2c3b4e,Anna.Ward@eshiam.com,Anna.Ward,1a2c3b
65,Charles Harris,Charles,Harris,Finance,1a2c3c,Charles.Harris@eshiam.com,Charles.Harris,1a2c
66,Stephen Torres,Stephen,Torres,Finance,1a2c3c4a,Stephen.Torres@eshiam.com,Stephen.Torres,1a2c3c
67,Rebecca Peterson,Rebecca,Peterson,Finance,1a2c3c4b,Rebecca.Peterson@eshiam.com,Rebecca.Peterson,1a2c3c
68,Andrew Gray,Andrew,Gray,Finance,1a2c3c4c,Andrew.Gray@eshiam.com,Andrew.Gray,1a2c3c
69,Virginia Ramirez,Virginia,Ramirez,Finance,1a2c3c4d,Virginia.Ramirez@eshiam.com,Virginia.Ramirez,1a2c3c
70,Raymond James,Raymond,James,Finance,1a2c3c4e,Raymond.James@eshiam.com,Raymond.James,1a2c3c
71,Susan Martin,Susan,Martin,Finance,1a2c3d,Susan.Martin@eshiam.com,Susan.Martin,1a2c
72,Kathleen Watson,Kathleen,Watson,Finance,1a2c3d4a,Kathleen.Watson@eshiam.com,Kathleen.Watson,1a2c3d
73,Gregory Brooks,Gregory,Brooks,Finance,1a2c3d4b,Gregory.Brooks@eshiam.com,Gregory.Brooks,1a2c3d
74,Pamela Kelly,Pamela,Kelly,Finance,1a2c3d4c,Pamela.Kelly@eshiam.com,Pamela.Kelly,1a2c3d
75,Joshua Sanders,Joshua,Sanders,Finance,1a2c3d4d,Joshua.Sanders@eshiam.com,Joshua.Sanders,1a2c3d
76,Martha Price,Martha,Price,Finance,1a2c3d4e,Martha.Price@eshiam.com,Martha.Price,1a2c3d
77,Jerry Bennett,Jerry,Bennett,Executive Management,1b,Jerry.Bennett@eshiam.com,Jerry.Bennett,
78,Debra Wood,Debra,Wood,Regional Operations,1b2a,Debra.Wood@eshiam.com,Debra.Wood,1b
79,Walter Henderson,Walter,Henderson,Information Technology,1b2a3a,Walter.Henderson@eshiam.com,Walter.Henderson,1b2a
80,Carl Foster,Carl,Foster,Information Technology,1b2a3a4a,Carl.Foster@eshiam.com,Carl.Foster,1b2a3a
81,Frances Gonzales,Frances,Gonzales,Information Technology,1b2a3a4b,Frances.Gonzales@eshiam.com,Frances.Gonzales,1b2a3a
82,Arthur Bryant,Arthur,Bryant,Information Technology,1b2a3a4c,Arthur.Bryant@eshiam.com,Arthur.Bryant,1b2a3a
83,Ann Alexander,Ann,Alexander,Information Technology,1b2a3a4d,Ann.Alexander@eshiam.com,Ann.Alexander,1b2a3a
84,Ryan Russell,Ryan,Russell,Information Technology,1b2a3a4e,Ryan.Russell@eshiam.com,Ryan.Russell,1b2a3a
85,Stephanie Coleman,Stephanie,Coleman,Information Technology,1b2a3b,Stephanie.Coleman@eshiam.com,Stephanie.Coleman,1b2a
86,Joyce Griffin,Joyce,Griffin,Information Technology,1b2a3b4a,Joyce.Griffin@eshiam.com,Joyce.Griffin,1b2a3b
87,Roger Diaz,Roger,Diaz,Information Technology,1b2a3b4b,Roger.Diaz@eshiam.com,Roger.Diaz,1b2a3b
88,Diane Hayes,Diane,Hayes,Information Technology,1b2a3b4c,Diane.Hayes@eshiam.com,Diane.Hayes,1b2a3b
89,Joe Myers,Joe,Myers,Information Technology,1b2a3b4d,Joe.Myers@eshiam.com,Joe.Myers,1b2a3b
90,Alice Ford,Alice,Ford,Information Technology,1b2a3b4e,Alice.Ford@eshiam.com,Alice.Ford,1b2a3b
91,Patrick Jenkins,Patrick,Jenkins,Engineering,1b2a3c,Patrick.Jenkins@eshiam.com,Patrick.Jenkins,1b2a
92,Juan Hamilton,Juan,Hamilton,Engineering,1b2a3c4a,Juan.Hamilton@eshiam.com,Juan.Hamilton,1b2a3c
93,Julie Graham,Julie,Graham,Engineering,1b2a3c4b,Julie.Graham@eshiam.com,Julie.Graham,1b2a3c
94,Jack Sullivan,Jack,Sullivan,Engineering,1b2a3c4c,Jack.Sullivan@eshiam.com,Jack.Sullivan,1b2a3c
95,Heather Wallace,Heather,Wallace,Engineering,1b2a3c4d,Heather.Wallace@eshiam.com,Heather.Wallace,1b2a3c
96,Albert Woods,Albert,Woods,Engineering,1b2a3c4e,Albert.Woods@eshiam.com,Albert.Woods,1b2a3c
97,Carolyn Perry,Carolyn,Perry,Engineering,1b2a3d,Carolyn.Perry@eshiam.com,Carolyn.Perry,1b2a
98,Teresa Cole,Teresa,Cole,Engineering,1b2a3d4a,Teresa.Cole@eshiam.com,Teresa.Cole,1b2a3d
99,Jonathan West,Jonathan,West,Engineering,1b2a3d4b,Jonathan.West@eshiam.com,Jonathan.West,1b2a3d
100,Doris Jordan,Doris,Jordan,Engineering,1b2a3d4c,Doris.Jordan@eshiam.com,Doris.Jordan,1b2a3d
101,Justin Owens,Justin,Owens,Engineering,1b2a3d4d,Justin.Owens@eshiam.com,Justin.Owens,1b2a3d
102,Gloria Reynolds,Gloria,Reynolds,Engineering,1b2a3d4e,Gloria.Reynolds@eshiam.com,Gloria.Reynolds,1b2a3d
103,Dennis Barnes,Dennis,Barnes,Regional Operations,1b2b,Dennis.Barnes@eshiam.com,Dennis.Barnes,1b
104,Peter Powell,Peter,Powell,Human Resources,1b2b3a,Peter.Powell@eshiam.com,Peter.Powell,1b2b
105,Terry Fisher,Terry,Fisher,Human Resources,1b2b3a4a,Terry.Fisher@eshiam.com,Terry.Fisher,1b2b3a
106,Evelyn Ellis,Evelyn,Ellis,Human Resources,1b2b3a4b,Evelyn.Ellis@eshiam.com,Evelyn.Ellis,1b2b3a
107,Gerald Harrison,Gerald,Harrison,Human Resources,1b2b3a4c,Gerald.Harrison@eshiam.com,Gerald.Harrison,1b2b3a
108,Jean Gibson,Jean,Gibson,Human Resources,1b2b3a4d,Jean.Gibson@eshiam.com,Jean.Gibson,1b2b3a
109,Keith Mcdonald,Keith,Mcdonald,Human Resources,1b2b3a4e,Keith.Mcdonald@eshiam.com,Keith.Mcdonald,1b2b3a
110,Christine Long,Christine,Long,Human Resources,1b2b3b,Christine.Long@eshiam.com,Christine.Long,1b2b
111,Cheryl Cruz,Cheryl,Cruz,Human Resources,1b2b3b4a,Cheryl.Cruz@eshiam.com,Cheryl.Cruz,1b2b3b
112,Samuel Marshall,Samuel,Marshall,Human Resources,1b2b3b4b,Samuel.Marshall@eshiam.com,Samuel.Marshall,1b2b3b
113,Mildred Ortiz,Mildred,Ortiz,Human Resources,1b2b3b4c,Mildred.Ortiz@eshiam.com,Mildred.Ortiz,1b2b3b
114,Willie Gomez,Willie,Gomez,Human Resources,1b2b3b4d,Willie.Gomez@eshiam.com,Willie.Gomez,1b2b3b
115,Katherine Murray,Katherine,Murray,Human Resources,1b2b3b4e,Katherine.Murray@eshiam.com,Katherine.Murray,1b2b3b
116,Harold Patterson,Harold,Patterson,Inventory,1b2b3c,Harold.Patterson@eshiam.com,Harold.Patterson,1b2b
117,Ralph Freeman,Ralph,Freeman,Inventory,1b2b3c4a,Ralph.Freeman@eshiam.com,Ralph.Freeman,1b2b3c
118,Joan Wells,Joan,Wells,Inventory,1b2b3c4b,Joan.Wells@eshiam.com,Joan.Wells,1b2b3c
119,Lawrence Webb,Lawrence,Webb,Inventory,1b2b3c4c,Lawrence.Webb@eshiam.com,Lawrence.Webb,1b2b3c
120,Ashley Simpson,Ashley,Simpson,Inventory,1b2b3c4d,Ashley.Simpson@eshiam.com,Ashley.Simpson,1b2b3c
121,Nicholas Stevens,Nicholas,Stevens,Inventory,1b2b3c4e,Nicholas.Stevens@eshiam.com,Nicholas.Stevens,1b2b3c
122,Marie Hughes,Marie,Hughes,Inventory,1b2b3d,Marie.Hughes@eshiam.com,Marie.Hughes,1b2b
123,Judith Tucker,Judith,Tucker,Inventory,1b2b3d4a,Judith.Tucker@eshiam.com,Judith.Tucker,1b2b3d
124,Roy Porter,Roy,Porter,Inventory,1b2b3d4b,Roy.Porter@eshiam.com,Roy.Porter,1b2b3d
125,Rose Hunter,Rose,Hunter,Inventory,1b2b3d4c,Rose.Hunter@eshiam.com,Rose.Hunter,1b2b3d
126,Benjamin Hicks,Benjamin,Hicks,Inventory,1b2b3d4d,Benjamin.Hicks@eshiam.com,Benjamin.Hicks,1b2b3d
127,Janice Crawford,Janice,Crawford,Inventory,1b2b3d4e,Janice.Crawford@eshiam.com,Janice.Crawford,1b2b3d
128,Amanda Ross,Amanda,Ross,Regional Operations,1b2c,Amanda.Ross@eshiam.com,Amanda.Ross,1b
129,Douglas Flores,Douglas,Flores,Accounting,1b2c3a,Douglas.Flores@eshiam.com,Douglas.Flores,1b2c
130,Bruce Henry,Bruce,Henry,Accounting,1b2c3a4a,Bruce.Henry@eshiam.com,Bruce.Henry,1b2c3a
131,Kelly Boyd,Kelly,Boyd,Accounting,1b2c3a4b,Kelly.Boyd@eshiam.com,Kelly.Boyd,1b2c
132,Brandon Mason,Brandon,Mason,Accounting,1b2c3a4c,Brandon.Mason@eshiam.com,Brandon.Mason,1b2c3a
133,Nicole Morales,Nicole,Morales,Accounting,1b2c3a4d,Nicole.Morales@eshiam.com,Nicole.Morales,1b2c3a
134,Adam Kennedy,Adam,Kennedynew,Accounting,1b2c3a4e,Adam.Kennedy@eshiam.com,Adam.Kennedy,1b2c3a
135,Janet Washington,Janet,Washington,Accounting,1b2c3b,Janet.Washington@eshiam.com,Janet.Washington,1b2c
136,Judy Warren,Judy,Warren,Accounting,1b2c3b4a,Judy.Warren@eshiam.com,Judy.Warren,1b2c3b
137,Harry Dixon,Harry,Dixon,Accounting,1b2c3b4b,Harry.Dixon@eshiam.com,Harry.Dixon,1b2c3b
138,Christina Ramos,Christina,Ramos,Accounting,1b2c3b4c,Christina.Ramos@eshiam.com,Christina.Ramos,1b2c3b
139,Fred Reyes,Fred,Reyes,Accounting,1b2c3b4d,Fred.Reyes@eshiam.com,Fred.Reyes,1b2c3b
140,Kathy Burns,Kathy,Burns,Accounting,1b2c3b4e,Kathy.Burns@eshiam.com,Kathy.Burns,1b2c3b
141,Henry Butler,Henry,Butler,Finance,1b2c3c,Henry.Butler@eshiam.com,Henry.Butler,1b2c
142,Wayne Gordon,Wayne,Gordon,Finance,1b2c3c4a,Wayne.Gordon@eshiam.com,Wayne.Gordon,1b2c3c
143,Theresa Shaw,Theresa,Shaw,Finance,1b2c3c4b,Theresa.Shaw@eshiam.com,Theresa.Shaw,1b2c3c
144,Billy Holmes,Billy,Holmes,Finance,1b2c3c4c,Billy.Holmes@eshiam.com,Billy.Holmes,1b2c3c
145,Beverly Rice,Beverly,Rice,Finance,1b2c3c4d,Beverly.Rice@eshiam.com,Beverly.Rice,1b2c3c
146,Steve Robertson,Steve,Robertson,Finance,1b2c3c4e,Steve.Robertson@eshiam.com,Steve.Robertson,1b2c3c
147,Catherine Simmons,Catherine,Simmons,Finance,1b2c3d,Catherine.Simmons@eshiam.com,Catherine.Simmons,1b2c
148,Denise Hunt,Denise,Hunt,Finance,1b2c3d4a,Denise.Hunt@eshiam.com,Denise.Hunt,1b2c3d
149,Louis Black,Louis,Black,Finance,1b2c3d4b,Louis.Black@eshiam.com,Louis.Black,1b2c3d
150,Tammy Daniels,Tammy,Daniels,Finance,1b2c3d4c,Tammy.Daniels@eshiam.com,Tammy.Daniels,1b2c3d
151,Jeremy Palmer,Jeremy,Palmer,Finance,1b2c3d4d,Jeremy.Palmer@eshiam.com,Jeremy.Palmer,1b2c3d
152,Irene Mills,Irene,Mills,Finance,1b2c3d4e,Irene.Mills@eshiam.com,Irene.Mills,1b2c3d
153,Aaron Nichols,Aaron,Nichols,Executive Management,1c,Aaron.Nichols@eshiam.com,Aaron.Nichols,
154,Jane Grant,Jane,Grant,Regional Operations,1c2a,Jane.Grant@eshiam.com,Jane.Grant,1c
155,Howard Rose,Howard,Rose,Information Technology,1c2a3a,Howard.Rose@eshiam.com,Howard.Rose,1c2a
156,Martin Matthews,Martin,Matthews,Information Technology,1c2a3a4a,Martin.Matthews@eshiam.com,Martin.Matthews,1c2a3a
157,Anne Arnold,Anne,Arnoldnew,Information Technology,1c2a3a4b,Anne.Arnold@eshiam.com,Anne.Arnold,1c2a3a
158,Ernest Wagner,Ernest,Wagner,Information Technology,1c2a3a4c,Ernest.Wagner@eshiam.com,Ernest.Wagner,1c2a3a
159,Jacqueline Willis,Jacqueline,Willis,Information Technology,1c2a3a4d,Jacqueline.Willis@eshiam.com,Jacqueline.Willis,1c2a3a
160,Phillip Ray,Phillip,Ray,Information Technology,1c2a3a4e,Phillip.Ray@eshiam.com,Phillip.Ray,1c2a3a
161,Rachel Stone,Rachel,Stone,Information Technology,1c2a3b,Rachel.Stone@eshiam.com,Rachel.Stone,1c2a
162,Wanda Watkins,Wanda,Watkins,Information Technology,1c2a3b4a,Wanda.Watkins@eshiam.com,Wanda.Watkins,1c2a3b
163,Todd Olson,Todd,Olson,Information Technology,1c2a3b4b,Todd.Olson@eshiam.com,Todd.Olson,1c2a3b
164,Bonnie Carroll,Bonnie,Carroll,Information Technology,1c2a3b4c,Bonnie.Carroll@eshiam.com,Bonnie.Carroll,1c2a3b
165,Jesse Duncan,Jesse,Duncan,Information Technology,1c2a3b4d,Jesse.Duncan@eshiam.com,Jesse.Duncan,1c2a3b
166,Julia Snyder,Julia,Snyder,Information Technology,1c2a3b4e,Julia.Snyder@eshiam.com,Julia.Snyder,1c2a3b
167,Eugene Hawkins,Eugene,Hawkins,Engineering,1c2a3c,Eugene.Hawkins@eshiam.com,Eugene.Hawkins,1c2a
168,Craig Hart,Craig,Hart,Engineering,1c2a3c4a,Craig.Hart@eshiam.com,Craig.Hart,1c2a3c
169,Ruby Cunningham,Ruby,Cunningham,Engineering,1c2a3c4b,Ruby.Cunningham@eshiam.com,Ruby.Cunningham,1c2a3c
170,Alan Bradley,Alan,Bradley,Engineering,1c2a3c4c,Alan.Bradley@eshiam.com,Alan.Bradley,1c2a3c
171,Lois Lane,Lois,Lane,Engineering,1c2a3c4d,Lois.Lane@eshiam.com,Lois.Lane,1c2a3c
172,Shawn Andrews,Shawn,Andrews,Engineering,1c2a3c4e,Shawn.Andrews@eshiam.com,Shawn.Andrews,1c2a3c
173,Marilyn Dunn,Marilyn,Dunn,Engineering,1c2a3d,Marilyn.Dunn@eshiam.com,Marilyn.Dunn,1c2a
174,Tina Ruiz,Tina,Ruiz,Engineering,1c2a3d4a,Tina.Ruiz@eshiam.com,Tina.Ruiz,1c2a3d
175,Clarence Harper,Clarence,Harper,Engineering,1c2a3d4b,Clarence.Harper@eshiam.com,Clarence.Harper,1c2a3d
176,Phyllis Fox,Phyllis,Fox,Engineering,1c2a3d4c,Phyllis.Fox@eshiam.com,Phyllis.Fox,1c2a3d
177,Sean Riley,Sean,Riley,Engineering,1c2a3d4d,Sean.Riley@eshiam.com,Sean.Riley,1c2a3d
178,Norma Armstrong,Norma,Armstrong,Engineering,1c2a3d4e,Norma.Armstrong@eshiam.com,Norma.Armstrong,1c2a3d
179,Randy Knight,Randy,Knight,Regional Operations,1c2b,Randy.Knight@eshiam.com,Randy.Knight,1c
180,Carlos Perkins,Carlos,Perkins,Human Resources,1c2b3a,Carlos.Perkins@eshiam.com,Carlos.Perkins,1c2b
181,Philip Carpenter,Philip,Carpenter,Human Resources,1c2b3a4a,Philip.Carpenter@eshiam.com,Philip.Carpenter,1c2b3a
182,Paula Weaver,Paula,Weaver,Human Resources,1c2b3a4b,Paula.Weaver@eshiam.com,Paula.Weaver,1c2b3a
183,Chris Greene,Chris,Greene,Human Resources,1c2b3a4c,Chris.Greene@eshiam.com,Chris.Greene,1c2b3a
184,Diana Lawrence,Diana,Lawrence,Human Resources,1c2b3a4d,Diana.Lawrence@eshiam.com,Diana.Lawrence,1c2b3a
185,Johnny Elliott,Johnny,Elliott,Human Resources,1c2b3a4e,Johnny.Elliott@eshiam.com,Johnny.Elliott,1c2b3a
186,Andrea Hudson,Andrea,Hudson,Human Resources,1c2b3b,Andrea.Hudson@eshiam.com,Andrea.Hudson,1c2b
187,Annie Chavez,Annie,Chavez,Human Resources,1c2b3b4a,Annie.Chavez@eshiam.com,Annie.Chavez,1c2b3b
188,Earl Sims,Earl,Sims,Human Resources,1c2b3b4b,Earl.Sims@eshiam.com,Earl.Sims,1c2b3b
189,Lillian Austin,Lillian,Austin,Human Resources,1c2b3b4c,Lillian.Austin@eshiam.com,Lillian.Austin,1c2b3b
190,Jimmy Peters,Jimmy,Peters,Human Resources,1c2b3b4d,Jimmy.Peters@eshiam.com,Jimmy.Peters,1c2b3b
191,Emily Kelley,Emily,Kelley,Human Resources,1c2b3b4e,Emily.Kelley@eshiam.com,Emily.Kelley,1c2b3b
192,Russell Spencer,Russell,Spencer,Inventory,1c2b3c,Russell.Spencer@eshiam.com,Russell.Spencer,1c2b
193,Antonio Franklin,Antonio,Franklin,Inventory,1c2b3c4a,Antonio.Franklin@eshiam.com,Antonio.Franklin,1c2b3c
194,Robin Lawson,Robin,Lawson,Inventory,1c2b3c4b,Robin.Lawson@eshiam.com,Robin.Lawson,1c2b3c
195,Danny Fields,Danny,Fields,Inventory,1c2b3c4c,Danny.Fields@eshiam.com,Danny.Fields,1c2b3c
196,Peggy Gutierrez,Peggy,Gutierrez,Inventory,1c2b3c4d,Peggy.Gutierrez@eshiam.com,Peggy.Gutierrez,1c2b3c
197,Bryan Ryan,Bryan,Ryan,Inventory,1c2b3c4e,Bryan.Ryan@eshiam.com,Bryan.Ryan,1c2b3c
198,Kathryn Gardner,Kathryn,Gardner,Inventory,1c2b3d,Kathryn.Gardner@eshiam.com,Kathryn.Gardner,1c2b
199,Crystal Schmidt,Crystal,Schmidt,Inventory,1c2b3d4a,Crystal.Schmidt@eshiam.com,Crystal.Schmidt,1c2b3d
200,Tony Carr,Tony,Carr,Inventory,1c2b3d4b,Tony.Carr@eshiam.com,Tony.Carr,1c2b3d
201,Gladys Vasquez,Gladys,Vasquez,Inventory,1c2b3d4c,Gladys.Vasquez@eshiam.com,Gladys.Vasquez,1c2b3d
202,Luis Castillo,Luis,Castillo,Inventory,1c2b3d4d,Luis.Castillo@eshiam.com,Luis.Castillo,1c2b3d
203,Rita Wheeler,Rita,Wheeler,Inventory,1c2b3d4e,Rita.Wheeler@eshiam.com,Rita.Wheeler,1c2b3d
204,Lori Ferguson,Lori,Ferguson,Regional Operations,1c2c,Lori.Ferguson@eshiam.com,Lori.Ferguson,1c
205,Bobby Stephens,Bobby,Stephens,Accounting,1c2c3a,Bobby.Stephens@eshiam.com,Bobby.Stephens,1c2c
206,Mike Chapman,Mike,Chapman,Accounting,1c2c3a4a,Mike.Chapman@eshiam.com,Mike.Chapman,1c2c3a
207,Dawn Oliver,Dawn,Oliver,Accounting,1c2c3a4b,Dawn.Oliver@eshiam.com,Dawn.Oliver,1c2c3a
208,Stanley Montgomery,Stanley,Montgomery,Accounting,1c2c3a4c,Stanley.Montgomery@eshiam.com,Stanley.Montgomery,1c2c3a
209,Connie Richards,Connie,Richards,Accounting,1c2c3a4d,Connie.Richards@eshiam.com,Connie.Richards,1c2c3a
210,Leonard Williamson,Leonard,Williamson,Accounting,1c2c3a4e,Leonard.Williamson@eshiam.com,Leonard.Williamson,1c2c3a
211,Louise Payne,Louise,Payne,Accounting,1c2c3b,Louise.Payne@eshiam.com,Louise.Payne,1c2c
212,Florence Johnston,Florence,Johnston,Accounting,1c2c3b4a,Florence.Johnston@eshiam.com,Florence.Johnston,1c2c3b
213,Nathan Banks,Nathan,Banks,Accounting,1c2c3b4b,Nathan.Banks@eshiam.com,Nathan.Banks,1c2c3b
214,Tracy Meyer,Tracy,Meyer,Accounting,1c2c3b4c,Tracy.Meyer@eshiam.com,Tracy.Meyer,1c2c3b
215,Dale Bishop,Dale,Bishop,Accounting,1c2c3b4d,Dale.Bishop@eshiam.com,Dale.Bishop,1c2c3b
216,Edna Mccoy,Edna,Mccoy,Accounting,1c2c3b4e,Edna.Mccoy@eshiam.com,Edna.Mccoy,1c2c3b
217,Victor Pierce,Victor,Pierce,Finance,1c2c3c,Victor.Pierce@eshiam.com,Victor.Pierce,1c2c
218,Manuel Howell,Manuel,Howell,Finance,1c2c3c4a,Manuel.Howell@eshiam.com,Manuel.Howell,1c2c3c
219,Tiffany Alvarez,Tiffany,Alvarez,Finance,1c2c3c4b,Tiffany.Alvarez@eshiam.com,Tiffany.Alvarez,1c2c3c
220,Rodney Morrison,Rodney,Morrison,Finance,1c2c3c4c,Rodney.Morrison@eshiam.com,Rodney.Morrison,1c2c3c
221,Carmen Hansen,Carmen,Hansen,Finance,1c2c3c4d,Carmen.Hansen@eshiam.com,Carmen.Hansen,1c2c3c
222,Curtis Fernandez,Curtis,Fernandez,Finance,1c2c3c4e,Curtis.Fernandez@eshiam.com,Curtis.Fernandez,1c2c3c
223,Sara Berry,Sara,Berry,Finance,1c2c3d,Sara.Berry@eshiam.com,Sara.Berry,1c2c
224,Rosa Garza,Rosa,Garza,Finance,1c2c3d4a,Rosa.Garza@eshiam.com,Rosa.Garza,1c2c3d
225,Norman Harvey,Norman,Harvey,Finance,1c2c3d4b,Norman.Harvey@eshiam.com,Norman.Harvey,1c2c3d
226,Cindy Little,Cindy,Little,Finance,1c2c3d4c,Cindy.Little@eshiam.com,Cindy.Little,1c2c3d
227,Allen Burton,Allen,Burton,Finance,1c2c3d4d,Allen.Burton@eshiam.com,Allen.Burton,1c2c3d
228,Grace Stanley,Grace,Stanley,Finance,1c2c3d4e,Grace.Stanley@eshiam.com,Grace.Stanley,1c2c3d
229,Larry hattery,Larry,Hattery,Engineering,2aac,lhattery@eshiam.com,Larry.Hattery,1a